mean,sd
30.05,30.45
15.95269682074692,10.674898283572026
24.55795269682074692,10.624223103526062
45.528488866889717285,10.674898283572026
0.15795269682074692,10.624223103526062